Store Name,Address,Latitude,Longitude
ONWARD RESERVE,"1500 Harvey Rd, College Station, TX 77840",30.617,-96.302
PLATO'S CLOSET,"2410 Texas Ave S, College Station, TX 77840",30.6015,-96.3147
PRO SOCCER,"1500 Harvey Rd, College Station, TX 77840",30.617,-96.302
PRUITT'S FABRIC,"318 George Bush Dr, College Station, TX 77840",30.6123,-96.3412
ROSS,"1505 University Dr E, College Station, TX 77840",30.628,-96.32
SABI BOUTIQUE,"520 University Dr E, College Station, TX 77840",30.6285,-96.3205
SAM'S CLUB,"1405 Earl Rudder Fwy, College Station, TX 77845",30.6502,-96.3028
SCRIPTURE HAVEN,"1721 Texas Ave S, College Station, TX 77840",30.6015,-96.3147
SECOND CHANCE RESALE,"2041 Harvey Mitchell Pkwy S, College Station, TX 77840",30.6015,-96.3147
SPENCER GIFTS,"1500 Harvey Rd, College Station, TX 77840",30.617,-96.302
SUEDE BOUTIQUE,"4438 Texas 6 Frontage Rd, Suite 302, College Station, TX 77845",30.6015,-96.3147
T.J. MAXX,"1500 Harvey Rd, College Station, TX 77840",30.617,-96.302
TEXAS AGGIELAND BOOKSTORE - UNIVERSITY DR,"327 University Dr, College Station, TX 77840",30.6285,-96.3205
TEXAS AGGIELAND BOOKSTORE- TEXAS AVE,"2307 Texas Avenue S, College Station, TX 77840",30.6015,-96.3147
THREADS BOUTIQUE,"11659 FM 2154, Suite 200, College Station, TX 77845",30.6015,-96.3147
UPTOWN CHEAPSTAKES,"1500 Harvey Rd, College Station, TX 77840",30.617,-96.302
VANS,"1500 Harvey Rd, College Station, TX 77840",30.617,-96.302