Store Name,Address,Latitude,Longitude
5.11 Tactical,"166 Century Square Dr, Suite G-10, College Station, TX 77840",30.6215,-96.339
Academy Sports & Outdoors,"2511 Earl Rudder Fwy S, College Station, TX 77845",30.6502,-96.3028
Academy Sports and Outdoors,"2511 Earl Rudder Fwy S, College Station, TX 77845",30.6502,-96.3028
Aggieland Cycling,"302 University Dr E, College Station, TX 77840",30.6285,-96.3205
Brazos Running Company,"1667 Texas Ave S, College Station, TX 77840",30.6015,-96.3147
Costco,"4321 State Hwy 6 S, College Station, TX 77845",30.6015,-96.3147
Cycles Etc.,"1800 Texas Ave S, College Station, TX 77840",30.6015,-96.3147
Plato's Closet,"2410 Texas Ave S, College Station, TX 77840",30.6015,-96.3147
Pro Soccer,"1500 Harvey Rd, College Station, TX 77840",30.617,-96.302
Trek Bicycle College Station,"170 Century Square Dr, College Station, TX 77840",30.6215,-96.339
Vans,"1500 Harvey Rd, College Station, TX 77840",30.617,-96.302
