Store Name,Address,Latitude,Longitude
Buckle,"1500 Harvey Rd, College Station, TX 77840",30.617,-96.302
The Candle Box,"1500 Harvey Rd, Suite 4003A, College Station, TX 77840",30.617,-96.302
Champs Sports,"1500 Harvey Rd, College Station, TX 77840",30.617,-96.302
Charlotte Russe,"1500 Harvey Rd, College Station, TX 77840",30.617,-96.302
Christie's Jewelers,"1500 Harvey Rd, College Station, TX 77840",30.617,-96.302
Claire's,"1500 Harvey Rd, College Station, TX 77840",30.617,-96.302
Dillard's,"1500 Harvey Rd, College Station, TX 77840",30.617,-96.302
Earthbound Trading Company,"1500 Harvey Rd, College Station, TX 77840",30.617,-96.302
Foot Locker,"1500 Harvey Rd, College Station, TX 77840",30.617,-96.302
Forever 21,"1500 Harvey Rd, College Station, TX 77840",30.617,-96.302
Fossil,"1500 Harvey Rd, College Station, TX 77840",30.617,-96.302
Francesca's Collections,"1500 Harvey Rd, College Station, TX 77840",30.617,-96.302
Gold N Diamonds,"1500 Harvey Rd, College Station, TX 77840",30.617,-96.302
H&M,"1500 Harvey Rd, College Station, TX 77840",30.617,-96.302
Hibbett Sports,"1500 Harvey Rd, College Station, TX 77840",30.617,-96.302
Hot Topic,"1500 Harvey Rd, College Station, TX 77840",30.617,-96.302
