Store Name,Address,Latitude,Longitude
ATTITUDE DANCE BOUTIQUE,"404 University Dr E, Suite G, College Station, Texas 77840",30.6285,-96.3205
BEA'S ALTERATIONS,"1100 Harvey Rd, Suite C, College Station, Texas 77840",30.617,-96.302
BRAZOS BRIM HAT BAR,"850 William D Fitch Pkwy, Ste 800College Station, Texas 77845",30.6015,-96.3147
EARTHBOUND TRADING COMPANY,"1500 Harvey Road, Suite 8010College Station, Texas 77840",30.617,-96.302
GRASS STAINS,"155 Century Ct. Suite 110, College Station, Texas 77840",30.6215,-96.339
HEMLINE BOUTIQUE,"166 Century Square Dr Suite 108College Station, Texas 77840",30.6215,-96.339
HULLABALOO AVE,"312 George Bush Dr, College Station, Texas 77840",30.6123,-96.3412
J&L BOUTIQUE,"750 William D. Fitch Pkwy. Suite 110, College Station, Texas 77845",30.6015,-96.3147
MAROON U,"112 Holleman Drive, College Station, Texas 77840",30.6072,-96.3108
SABI BOUTIQUE,"520 University Drive E., College Station, Texas 77840",30.6285,-96.3205
SECOND CHANCE RESALE,"2041 Harvey Mitchell Pkwy. S, College Station, Texas 77840",30.6015,-96.3147
SUEDE BOUTIQUE,"4438 Texas 6 Frontage Rd., Suite 302, College Station, Texas 77840",30.6015,-96.3147
THREADS BOUTIQUE,"11659 FM 2154, Suite 200, College Station, Texas 77845",30.6015,-96.3147
WITT'S END,"3525 Longmire Dr., Suite L, College Station, Texas 77845",30.6015,-96.3147
ACADEMY SPORTS AND OUTDOORS,"2511 Earl Rudder Freeway, College Station, Texas 77845",30.6015,-96.3147