Store Name,Address,Latitude,Longitude
Catherine's Plus Sizes,"1505 University Dr E, College Station, TX 77840",30.628,-96.32
Cato Fashions,"1663 Texas Ave S, College Station, TX 77840",30.6015,-96.3147
Champs Sports,"1500 Harvey Rd, College Station, TX 77840",30.617,-96.302
Chico's,"1500 Harvey Rd, College Station, TX 77840",30.617,-96.302
Claire's,"1500 Harvey Rd, College Station, TX 77840",30.617,-96.302
Dillard's,"1500 Harvey Rd, College Station, TX 77840",30.617,-96.302
DSW,"1505 University Dr E, College Station, TX 77840",30.628,-96.32
Earthbound Trading Company,"1500 Harvey Rd, College Station, TX 77840",30.617,-96.302
Forever 21,"1500 Harvey Rd, College Station, TX 77840",30.617,-96.302
Fossil,"1500 Harvey Rd, College Station, TX 77840",30.617,-96.302
Francesca's Collections,"1500 Harvey Rd, College Station, TX 77840",30.617,-96.302
Grass Stains,"155 Century Ct, Suite 110, College Station, TX 77840",30.6215,-96.339
Hemline Boutique,"166 Century Square Dr, Suite 108, College Station, TX 77840",30.6215,-96.339
Hot Topic,"1500 Harvey Rd, College Station, TX 77840",30.617,-96.302
Hullabaloo Ave,"312 George Bush Dr, College Station, TX 77840",30.6123,-96.3412