Store Name,Address,Latitude,Longitude
ICING BY CLAIRE'S,"1500 Harvey Rd, College Station, TX 77840",30.617,-96.302
JCPenney,"1500 Harvey Rd, College Station, TX 77840",30.617,-96.302
Journeys,"1500 Harvey Rd, College Station, TX 77840",30.617,-96.302
Journeys Kidz,"1500 Harvey Rd, College Station, TX 77840",30.617,-96.302
King Ranch Saddle Shop,"1500 Harvey Rd, College Station, TX 77840",30.617,-96.302
Kohl's,"2410 Texas Ave S, College Station, TX 77840",30.6015,-96.3147
Lane Bryant,"1500 Harvey Rd, College Station, TX 77840",30.617,-96.302
Lucchese Bootmaker,"1500 Harvey Rd, College Station, TX 77840",30.617,-96.302
Lululemon Athletica,"1500 Harvey Rd, College Station, TX 77840",30.617,-96.302
Maroon U,"112 Holleman Dr, College Station, TX 77840",30.6072,-96.3108
Melrose Family Fashions,"1663 Texas Ave S, College Station, TX 77840",30.6015,-96.3147
Men's Wearhouse,"1500 Harvey Rd, College Station, TX 77840",30.617,-96.302
Motherhood Maternity,"1500 Harvey Rd, College Station, TX 77840",30.617,-96.302
MSC Bookstore @ TAMU,"275 Joe Routt Blvd, College Station, TX 77843",30.6125,-96.3415
Old Navy,"1500 Harvey Rd, College Station, TX 77840",30.617,-96.302