Store Name,Address,Latitude,Longitude
Victoria's Secret,"1500 Harvey Rd, College Station, TX 77840",30.617,-96.302
The Warehouse @ C.C. Creations,"114 Holleman Dr, College Station, TX 77840",30.6075,-96.3105
Witt's End,"3525 Longmire Dr, Suite L, College Station, TX 77845",30.6015,-96.3147
Zumiez,"1500 Harvey Rd, College Station, TX 77840",30.617,-96.302
BCS Asian Food Market,"2704 Texas Ave S #4, College Station, TX 77840",30.6015,-96.3147
Costco,"4321 State Hwy 6 S, College Station, TX 77845",30.6015,-96.3147
Sam's Club,"1405 Earl Rudder Fwy, College Station, TX 77845",30.6502,-96.3028
Spice World Market,"340 George Bush Dr, College Station, TX 77840",30.6123,-96.3412
Buckle,"1500 Harvey Rd, College Station, TX 77840",30.617,-96.302
Cato Fashions,"1663 Texas Ave S, College Station, TX 77840",30.6015,-96.3147
Chico's,"1500 Harvey Rd, College Station, TX 77840",30.617,-96.302
Christie's Jewelers,"1500 Harvey Rd, College Station, TX 77840",30.617,-96.302
David Gardner's,"911 University Dr E, College Station, TX 77840",30.6285,-96.3205
Dillard's,"1500 Harvey Rd, College Station, TX 77840",30.617,-96.302
Fossil,"1500 Harvey Rd, College Station, TX 77840",30.617,-96.302
Francesca's Collections,"1500 Harvey Rd, College Station, TX 77840",30.617,-96.302
Gold N Diamonds,"1500 Harvey Rd, College Station, TX 77840",30.617,-96.302
Icing by Claire's,"1500 Harvey Rd, College Station, TX 77840",30.617,-96.302
James Avery Craftsman,"1500 Harvey Rd, College Station, TX 77840",30.617,-96.302
Kendra Scott,"166 Century Ct, Suite G-10, College Station, TX 77840",30.6215,-96.339
Ring Guards by Montelongos,"1500 Harvey Rd, College Station, TX 77840",30.617,-96.302
Sabi Boutique,"520 University Dr E, College Station, TX 77840",30.6285,-96.3205
Aerie,"1500 Harvey Rd, College Station, TX 77840",30.617,-96.302
American Eagle Outfitters,"1500 Harvey Rd, College Station, TX 77840",30.617,-96.302
Bath & Body Works,"1500 Harvey Rd, College Station, TX 77840",30.617,-96.302
